Estate,Division,EmpCode,Gender
EST,HO,101,M
EST,HO,404,M
EST,HO,1414,M
EST,HO,1616,F
EST,HO,2727,F
EST,HO,3030,M
EST,HO,3131,F
EST,HO,3737,F
EST,HO,4242,F
EST,HO,4848,M
EST,HO,4949,F
EST,HO,5656,F
EST,HO,6464,F
EST,HO,6565,M
EST,HO,6868,F
EST,HO,7070,F
EST,HO,7474,F
EST,HO,9696,F
EST,HO,9999,M
EST,HO,10908,M
EST,HO,11211,M
EST,HO,12322,F
EST,HO,13029,F
EST,HO,13534,F
EST,HO,13635,M
EST,HO,13736,M
EST,HO,13837,F
EST,HO,13938,M
EST,HO,14241,F
EST,HO,29593,F
EST,HO,37774,F
EST,HO,37875,F
EST,HO,38178,F
EST,HO,38784,M
EST,HO,40602,F
EST,HO,41107,F
EST,HO,41309,F
EST,HO,42622,M
EST,ST,42723,F
EST,HO,42925,M
EST,HO,43632,M
EST,HO,43834,M
EST,HO,44440,F
EST,HO,45450,M
EST,ST,46763,F
EST,HO,47773,M
EST,HO,51914,F
EST,HO,52621,F
EST,HO,56560,F
EST,HO,59691,F
EST,HO,61408,F
EST,HO,62317,M
EST,HO,63428,F
EST,HO,63529,F
EST,HO,64236,F
EST,HO,64741,M
EST,HO,65751,F
EST,HO,65852,F
EST,ST,66256,M
EST,HO,66559,F
EST,HO,67064,F
EST,HO,67468,M
EST,HO,68175,F
EST,ST,68579,F
EST,HO,68680,M
EST,HO,68882,M
EST,HO,69589,M
EST,HO,69791,M
EST,HO,69993,M
EST,HO,70094,M
EST,HO,70195,M
EST,HO,70397,M
EST,HO,71003,M
EST,HO,71104,M
EST,HO,71205,M
EST,HO,71306,M
EST,HO,71710,F
EST,HO,72316,M
EST,ST,72821,M
EST,ST,72922,M
EST,HO,73023,M
EST,HO,73124,M
EST,ST,73730,M
EST,HO,73831,M
EST,HO,74033,M
EST,ST,74134,F
EST,HO,74336,M
EST,HO,74639,M
EST,HO,74740,M
EST,HO,75043,F
EST,HO,75346,M
EST,HO,75851,F
EST,HO,76558,F
EST,HO,76659,M
EST,HO,77669,M
EST,HO,77871,M
EST,HO,78275,M
EST,HO,78477,M
EST,HO,78982,F
EST,ST,79083,F
EST,ST,79184,M
EST,ST,79386,M
EST,HO,79487,M
EST,ST,79588,M
EST,HO,79790,F
EST,HO,81608,M
EST,HO,81709,M
EST,HO,81810,M
EST,MD,82012,F
EST,HO,82315,M
EST,HO,82416,M
EST,ST,84032,F
EST,HO,84739,F
EST,ST,85042,M
EST,HO,85143,M
EST,HO,85244,F
EST,HO,85446,F
EST,HO,85951,F
EST,ST,86254,M
EST,HO,86658,F
EST,HO,86860,F
EST,HO,87971,F
EST,HO,88072,F
EST,HO,88173,F
EST,HO,88779,F
EST,HO,89284,F
EST,HO,89385,F
EST,HO,89587,F
EST,HO,89688,F
EST,HO,89890,F
EST,HO,90193,F
EST,HO,90294,F
EST,HO,90395,F
EST,HO,90597,F
EST,HO,90698,F
EST,HO,91001,F
EST,ST,91304,F
EST,HO,91809,F
EST,HO,92112,F
EST,HO,92213,F
EST,HO,92314,F
EST,HO,92516,F
EST,HO,92617,F
EST,HO,92920,F
EST,HO,93021,F
EST,HO,93425,F
EST,HO,93627,F
EST,HO,93829,M
EST,HO,94031,M
EST,HO,94132,M
EST,HO,94435,M
EST,HO,94839,M
EST,HO,94940,M
EST,ST,95041,F
EST,HO,95243,M
EST,ST,95647,F
EST,HO,96152,M
EST,HO,96354,F
EST,HO,96556,M
EST,HO,96859,F
EST,HO,97162,F
EST,HO,97566,F
EST,HO,97768,F
EST,ST,97970,F
EST,ST,98071,F
EST,HO,98172,F
EST,ST,98273,M
EST,HO,98475,M
EST,HO,98879,M
EST,ST,99182,M
EST,ST,99283,M
EST,HO,99384,M
EST,HO,99586,F
EST,ST,99788,F
EST,HO,99889,F
EST,HO,99990,F
EST,HO,100091,F
EST,ST,100192,M
EST,ST,101707,M
EST,ST,101808,M
EST,ST,102212,F
EST,ST,102313,F
EST,ST,102818,F
EST,HO,103424,M
EST,HO,103525,M
EST,HO,103626,F
EST,ST,103828,F
EST,ST,104333,F
EST,ST,104535,F
EST,ST,104838,F
EST,ST,104939,F
EST,HO,105040,M
EST,HO,105141,M
EST,ST,105848,M
EST,ST,105949,F
EST,HO,106252,M
EST,ST,106656,M
EST,HO,106757,M
EST,ST,107060,M
EST,HO,107161,F
EST,ST,107262,M
EST,ST,107363,F
EST,HO,107666,F
EST,ST,107767,F
EST,ST,108070,F
EST,ST,108171,M
EST,ST,108676,F
EST,ST,108979,F
EST,ST,109181,F
EST,ST,109282,F
EST,UD,109383,M
EST,ST,109787,F
EST,HO,109888,M
EST,HO,109989,F
EST,ST,110090,M
EST,ST,110393,M
EST,UD,110797,M
EST,HO,111100,M
EST,HO,111201,F
EST,HO,111504,F
EST,HO,111605,F
EST,HO,111807,F
EST,UD,111908,F
EST,HO,112110,F
EST,HO,112312,F
EST,HO,112413,F
EST,HO,112514,F
EST,HO,112615,F
EST,HO,112716,F
EST,HO,113120,F
EST,HO,113221,F
EST,HO,113322,F
EST,HO,113423,F
EST,HO,113524,F
EST,HO,113625,M
EST,HO,113726,M
EST,HO,113827,M
EST,HO,113928,M
EST,HO,114029,F
EST,HO,114130,F
EST,HO,114231,F
EST,HO,114332,F
EST,HO,114534,F
EST,HO,114635,F
EST,HO,114736,F
EST,HO,115039,F
EST,HO,115443,F
EST,HO,115544,F
EST,HO,115847,F
EST,HO,115948,M
EST,HO,116251,M
EST,ST,116352,F
EST,HO,116453,F
EST,LD,116756,F
EST,ST,116857,F
EST,HO,116958,M
EST,ST,117160,F
EST,ST,117261,F
EST,ST,117362,F
EST,HO,117463,M
EST,ST,117766,F
EST,HO,117867,M
EST,LD,117968,F
EST,ST,118473,F
EST,ST,118574,M
EST,ST,118675,F
EST,ST,118877,M
EST,ST,118978,M
EST,HO,119079,M
EST,ST,119281,M
EST,ST,119382,M
EST,ST,119483,M
EST,ST,119685,M
EST,ST,119887,M
EST,HO,119988,F
EST,ST,120089,M
EST,LD,120190,M
EST,ST,120291,M
EST,ST,120392,M
EST,ST,120594,M
EST,ST,120695,F
EST,ST,120796,M
EST,ST,120897,F
EST,ST,121099,F
EST,HO,121200,F
EST,HO,121301,F
EST,HO,121402,M
EST,HO,121503,F
EST,HO,121604,M
EST,LD,121806,M
EST,HO,122008,F
EST,HO,122109,F
EST,LD,122614,F
EST,LD,122917,M
EST,HO,123018,M
EST,HO,123119,M
EST,HO,123220,F
EST,LD,123321,F
EST,HO,123422,M
EST,LD,123523,F
EST,LD,123624,F
EST,LD,123725,M
EST,HO,123826,F
EST,LD,123927,M
EST,HO,124028,M
EST,MD,124129,F
EST,MD,124230,F
EST,HO,124331,M
EST,HO,124432,F
EST,HO,124533,F
EST,HO,124634,F
EST,HO,124735,F
EST,MD,124836,F
EST,MD,124937,M
EST,MD,125038,M
EST,MD,125139,F
EST,MD,125240,M
EST,ST,125341,F
EST,ST,125442,M
EST,ST,125543,M
EST,ST,125644,M
EST,ST,125745,M
EST,ST,125846,M
EST,ST,204929,F
EST,ST,205131,F
EST,ST,205232,F
EST,HO,205333,F
EST,HO,205535,F
EST,HO,205737,M
EST,HO,206747,F
EST,ST,207252,F
EST,HO,207454,F
EST,HO,207555,M
EST,HO,207757,F
EST,HO,207959,F
EST,HO,208161,F
EST,HO,208363,M
EST,HO,208464,M
EST,MD,208565,F
EST,HO,208767,M
EST,HO,208868,M
EST,ST,209070,F
EST,HO,209171,F
EST,HO,209878,M
EST,ST,211090,F
EST,MD,211292,F
EST,HO,211393,F
EST,ST,211696,F
EST,HO,211898,F
EST,HO,211999,M
EST,ST,212403,M
EST,HO,212504,F
EST,HO,212605,M
EST,ST,212908,F
EST,HO,213009,F
EST,HO,213716,M
EST,HO,213918,F
EST,MD,214322,M
EST,HO,214625,M
EST,HO,214928,F
EST,MD,215029,F
EST,HO,215130,M
EST,HO,215231,F
EST,HO,215332,M
EST,HO,215433,F
EST,HO,215534,F
EST,MD,215736,F
EST,HO,215837,F
EST,HO,216039,M
EST,MD,216342,F
EST,HO,216746,F
EST,HO,216948,M
EST,ST,217150,F
EST,MD,217352,F
EST,HO,217453,F
EST,ST,217756,F
EST,HO,217857,F
EST,ST,217958,F
EST,HO,218059,F
EST,MD,218160,M
EST,HO,218261,M
EST,HO,218362,M
EST,HO,218463,M
EST,HO,218564,F
EST,HO,218665,F
EST,HO,218766,F
EST,HO,218968,F
EST,HO,219069,F
EST,HO,219170,M
EST,HO,219473,F
EST,HO,219574,F
EST,MD,219675,F
EST,MD,219776,F
EST,HO,219877,F
EST,MD,219978,F
EST,MD,220079,M
EST,HO,220180,M
EST,HO,220281,F
EST,HO,220382,F
EST,HO,220483,M
EST,HO,220584,F
EST,HO,220685,M
EST,HO,220786,F
EST,ST,220988,F
EST,ST,221089,F
EST,ST,221190,F
EST,ST,221291,F
EST,ST,221392,F
EST,ST,221493,M
EST,ST,221594,F
EST,UD,277851,M
EST,UD,278154,M
EST,UD,278457,M
EST,UD,278962,M
EST,UD,279164,F
EST,UD,279568,M
EST,UD,280780,M
EST,UD,280982,M
EST,MD,284719,F
EST,LD,289365,M
EST,UD,293708,F
EST,LD,296536,M
EST,UD,299768,M
EST,UD,299869,M
EST,MD,300172,M
EST,UD,300374,M
EST,UD,300475,M
EST,UD,301283,F
EST,UD,301384,F
EST,UD,301586,F
EST,UD,301788,F
EST,UD,302394,F
EST,UD,302495,F
EST,UD,305222,F
EST,UD,309969,M
EST,UD,310979,F
EST,UD,320170,F
EST,UD,320473,M
EST,UD,321988,F
EST,UD,327745,F
EST,LD,332593,M
EST,UD,333502,F
EST,UD,333906,F
EST,UD,335118,F
EST,LD,342188,F
EST,UD,342794,F
EST,UD,343804,F
EST,UD,345521,F
EST,UD,346632,F
EST,UD,348248,M
EST,MD,350672,M
EST,UD,352692,M
EST,LD,352793,M
EST,UD,353096,M
EST,UD,353298,M
EST,UD,353904,F
EST,UD,354712,M
EST,UD,354813,M
EST,UD,355217,F
EST,LD,359661,M
EST,LD,360671,M
EST,LD,361782,M
EST,UD,362186,M
EST,MD,362792,M
EST,UD,362994,M
EST,UD,363499,M
EST,UD,364913,M
EST,UD,365317,F
EST,UD,366630,F
EST,UD,367842,F
EST,UD,368448,F
EST,UD,369660,F
EST,UD,369862,F
EST,LD,370771,M
EST,LD,371175,M
EST,LD,371781,M
EST,LD,371882,M
EST,UD,373498,F
EST,UD,374508,F
EST,UD,377841,M
EST,UD,378043,M
EST,UD,378548,M
EST,UD,378851,M
EST,UD,378952,M
EST,UD,379053,M
EST,MD,387436,M
EST,MD,389860,M
EST,MD,390466,M
EST,MD,390971,M
EST,MD,391476,M
EST,MD,391880,M
EST,MD,391981,M
EST,MD,392486,M
EST,MD,392587,M
EST,LD,394405,M
EST,UD,395920,M
EST,UD,396122,M
EST,UD,396223,M
EST,UD,396324,M
EST,UD,396829,F
EST,UD,397637,M
EST,UD,397738,F
EST,UD,398344,F
EST,UD,398546,F
EST,UD,398748,F
EST,UD,398849,M
EST,UD,400061,F
EST,UD,405818,F
EST,UD,406121,F
EST,LD,407838,M
EST,LD,409959,F
EST,UD,410464,F
EST,UD,410565,F
EST,UD,410666,F
EST,MD,411171,M
EST,MD,411272,M
EST,UD,412484,F
EST,UD,413090,F
EST,MD,414504,M
EST,LD,415514,F
EST,MD,416322,M
EST,MD,416423,M
EST,MD,416625,M
EST,MD,416827,M
EST,MD,417332,M
EST,UD,417736,M
EST,UD,417837,M
EST,UD,418443,F
EST,UD,419049,F
EST,UD,419453,F
EST,UD,419655,F
EST,UD,419857,F
EST,UD,419865,M
EST,UD,420160,M
EST,UD,420564,F
EST,UD,420766,F
EST,UD,421978,F
EST,LD,422988,F
EST,UD,424099,F
EST,UD,424503,F
EST,UD,425008,F
EST,LD,425109,F
EST,MD,425412,F
EST,UD,425614,F
EST,UD,425715,F
EST,UD,426018,F
EST,LD,426422,F
EST,UD,426523,F
EST,UD,428341,F
EST,UD,429250,M
EST,UD,429856,F
EST,UD,430058,F
EST,UD,430260,F
EST,MD,431371,F
EST,UD,432482,M
EST,LD,433391,F
EST,LD,433492,F
EST,LD,433795,F
EST,ST,435310,M
EST,MD,435613,F
EST,UD,436118,F
EST,UD,436421,F
EST,UD,437128,F
EST,UD,437229,F
EST,MD,438239,F
EST,UD,439047,F
EST,UD,439552,F
EST,UD,439855,F
EST,UD,439956,F
EST,UD,440057,F
EST,MD,440865,F
EST,LD,440966,M
EST,MD,441471,F
EST,MD,441774,F
EST,MD,441875,F
EST,UD,443188,F
EST,UD,443592,F
EST,UD,443895,F
EST,MD,444501,F
EST,UD,444703,F
EST,UD,445208,F
EST,UD,445511,M
EST,UD,445612,F
EST,UD,445713,F
EST,UD,445814,F
EST,UD,446521,F
EST,LD,447430,F
EST,UD,447935,F
EST,UD,448036,F
EST,UD,448238,F
EST,LD,448440,F
EST,MD,449349,F
EST,MD,449551,F
EST,UD,449955,M
EST,MD,450258,F
EST,LD,450864,F
EST,UD,451066,F
EST,UD,451167,F
EST,UD,451268,F
EST,UD,451369,F
EST,MD,451773,F
EST,UD,452177,F
EST,UD,452379,F
EST,UD,452581,F
EST,UD,452884,F
EST,MD,452985,F
EST,LD,453086,F
EST,UD,453187,F
EST,UD,453490,F
EST,UD,453591,M
EST,MD,453894,F
EST,MD,454399,F
EST,UD,454500,F
EST,UD,454601,F
EST,UD,454702,F
EST,UD,454803,F
EST,UD,454904,F
EST,UD,455005,F
EST,UD,455813,M
EST,UD,456015,M
EST,UD,456419,F
EST,LD,457429,F
EST,UD,457732,F
EST,MD,457833,M
EST,UD,458136,F
EST,UD,458237,F
EST,MD,458742,M
EST,MD,458944,F
EST,MD,459045,F
EST,LD,459146,F
EST,UD,459449,F
EST,UD,459550,F
EST,UD,460156,F
EST,MD,460863,F
EST,MD,461772,M
EST,MD,461974,M
EST,MD,462277,M
EST,MD,462378,M
EST,ST,462681,M
EST,ST,462883,F
EST,MD,462984,M
EST,ST,463186,F
EST,MD,463287,M
EST,MD,463792,M
EST,LD,463994,F
EST,MD,464095,M
EST,UD,464499,F
EST,MD,464903,F
EST,ST,465206,F
EST,MD,465509,M
EST,MD,465812,M
EST,MD,466317,M
EST,MD,466822,M
EST,UD,467125,M
EST,UD,467327,M
EST,UD,467630,M
EST,UD,467832,M
EST,UD,467933,M
EST,UD,468034,M
EST,UD,468135,F
EST,UD,468236,M
EST,UD,468337,M
EST,UD,468539,M
EST,UD,468842,M
EST,UD,469044,M
EST,UD,469145,M
EST,UD,469246,M
EST,UD,469448,M
EST,UD,469549,M
EST,UD,469751,M
EST,UD,470458,F
EST,UD,470862,F
EST,UD,471165,F
EST,UD,471771,M
EST,UD,471872,M
EST,UD,471973,F
EST,UD,472175,M
EST,UD,472478,M
EST,UD,472579,M
EST,UD,472781,M
EST,UD,472983,M
EST,UD,473185,M
EST,UD,473286,M
EST,UD,473488,M
EST,UD,473791,M
EST,UD,473993,M
EST,UD,474296,M
EST,UD,474397,F
EST,UD,474498,F
EST,UD,474599,F
EST,UD,474902,F
EST,UD,475104,F
EST,UD,475407,F
EST,LD,476114,M
EST,LD,476619,F
EST,LD,478033,M
EST,LD,479043,M
EST,LD,479144,M
EST,UD,480053,M
EST,UD,480154,F
EST,UD,480255,M
EST,UD,480356,M
EST,UD,480457,F
EST,LD,480760,F
EST,UD,480861,F
EST,UD,480962,F
EST,UD,481164,M
EST,UD,481265,M
EST,UD,481568,M
EST,UD,481669,M
EST,UD,481770,M
EST,MD,482679,F
EST,ST,482780,F
EST,MD,483184,F
EST,UD,484194,F
EST,UD,484295,F
EST,UD,484497,F
EST,UD,484598,F
EST,LD,484800,F
EST,LD,485002,M
EST,LD,485103,M
EST,UD,485305,F
EST,UD,485406,F
EST,UD,485709,M
EST,UD,486820,F
EST,MD,486921,F
EST,LD,488436,M
EST,UD,489749,F
EST,UD,489850,F
EST,UD,489951,F
EST,UD,490052,M
EST,UD,490153,F
EST,UD,490456,M
EST,UD,490557,F
EST,UD,490759,F
EST,UD,490860,F
EST,UD,491365,M
EST,UD,491567,M
EST,UD,492072,M
EST,UD,492375,M
EST,UD,492678,F
EST,UD,492880,F
EST,UD,493082,F
EST,MD,494193,M
EST,UD,494597,M
EST,MD,495001,F
EST,LD,495506,M
EST,LD,496112,F
EST,LD,496213,M
EST,LD,496314,M
EST,MD,496415,F
EST,UD,496516,F
EST,UD,497223,F
EST,UD,497425,M
EST,UD,498031,F
EST,MD,498132,F
EST,UD,498637,F
EST,UD,498940,F
EST,UD,499344,F
EST,UD,499445,F
EST,LD,499748,M
EST,LD,500354,F
EST,UD,500556,F
EST,UD,500758,M
EST,UD,500960,F
EST,UD,501162,F
EST,UD,501566,F
EST,MD,502576,F
EST,LD,503889,F
EST,UD,504293,F
EST,UD,504899,F
EST,ST,505101,M
EST,ST,505202,M
EST,ST,505505,M
EST,ST,505606,F
EST,ST,505707,M
EST,UD,506616,M
EST,UD,507323,F
EST,UD,507828,F
EST,UD,507929,F
EST,MD,508333,F
EST,MD,508737,M
EST,MD,509343,F
EST,MD,509646,F
EST,MD,509747,F
EST,MD,509848,F
EST,LD,510151,F
EST,UD,510252,F
EST,UD,511363,F
EST,UD,511464,F
EST,UD,511565,M
EST,UD,511969,F
EST,UD,512070,F
EST,UD,512171,F
EST,UD,512272,F
EST,UD,512373,F
EST,UD,512474,F
EST,MD,513181,F
EST,MD,513383,F
EST,MD,513787,F
EST,UD,513888,F
EST,MD,514090,F
EST,MD,514292,F
EST,LD,514595,F
EST,UD,515201,F
EST,UD,515302,F
EST,UD,515403,F
EST,MD,515605,M
EST,MD,516211,M
EST,ST,516514,M
EST,MD,516817,M
EST,MD,517524,F
EST,LD,518332,F
EST,LD,519241,M
EST,UD,519645,M
EST,LD,519746,F
EST,LD,519835,M
EST,LD,519847,F
EST,UD,519948,M
EST,UD,520150,F
EST,UD,520352,M
EST,UD,520453,F
EST,UD,520655,M
EST,UD,520756,M
EST,UD,520857,F
EST,UD,520958,F
EST,UD,521059,F
EST,UD,521160,F
EST,UD,521261,F
EST,UD,521463,F
EST,UD,521766,M
EST,UD,521867,F
EST,UD,522170,F
EST,MD,522372,F
EST,LD,522877,F
EST,MD,523079,F
EST,MD,524089,F
EST,LD,524291,F
EST,UD,524493,F
EST,UD,524695,F
EST,UD,524796,F
EST,LD,524897,F
EST,UD,524998,F
EST,UD,525099,F
EST,UD,525200,F
EST,UD,525301,F
EST,UD,525402,F
EST,UD,525503,F
EST,UD,525604,F
EST,UD,525705,F
EST,LD,525806,F
EST,ST,525907,F
EST,LD,526109,F
EST,LD,526311,F
EST,LD,526412,F
EST,MD,526513,F
EST,UD,526715,F
EST,UD,526816,F
EST,MD,527220,F
EST,UD,527321,F
EST,UD,527523,F
EST,MD,527624,F
EST,UD,527826,F
EST,UD,527927,M
EST,UD,528331,F
EST,UD,528432,M
EST,LD,528533,F
EST,UD,528735,F
EST,MD,529240,F
EST,MD,529442,F
EST,MD,529543,F
EST,LD,529846,F
EST,LD,530048,F
EST,UD,530351,F
EST,UD,530452,F
EST,UD,530553,F
EST,UD,530856,F
EST,UD,530957,F
EST,UD,531058,F
EST,LD,531159,F
EST,UD,531361,F
EST,UD,531462,F
EST,UD,531563,F
EST,LD,531664,F
EST,UD,531866,F
EST,LD,531967,F
EST,UD,532068,M
EST,MD,532270,F
EST,UD,532371,M
EST,UD,532472,F
EST,UD,532775,M
EST,MD,532876,F
EST,MD,532977,F
EST,MD,533179,F
EST,MD,533280,F
EST,MD,533482,F
EST,MD,533583,F
EST,MD,533886,F
EST,MD,534088,M
EST,MD,534290,F
EST,MD,534391,F
EST,MD,534694,F
EST,MD,534997,F
EST,MD,535805,F
EST,MD,536209,F
EST,MD,537017,M
EST,LD,537724,M
EST,LD,537825,M
EST,LD,538128,M
EST,LD,538633,M
EST,LD,538835,M
EST,LD,539239,M
EST,LD,539340,M
EST,LD,539441,M
EST,LD,539643,M
EST,LD,540047,F
EST,UD,541764,M
EST,UD,541865,M
EST,UD,541986,M
EST,UD,542067,M
EST,UD,542168,M
EST,UD,542269,M
EST,UD,542370,M
EST,UD,542471,M
EST,UD,542572,M
EST,UD,542673,M
EST,UD,542774,M
EST,UD,542875,M
EST,UD,542976,M
EST,UD,543077,M
EST,UD,543178,M
EST,UD,543279,F
EST,UD,543380,F
EST,UD,543481,F
EST,UD,543683,M
EST,UD,543784,F
EST,UD,543885,F
EST,UD,543986,M
EST,UD,544087,F
EST,UD,544188,F
EST,UD,544289,M
EST,UD,544390,F
EST,UD,544491,F
EST,UD,544693,M
EST,UD,544794,M
EST,UD,544996,M
EST,UD,545097,M
EST,UD,545198,F
EST,UD,545400,F
EST,UD,545501,M
EST,UD,545602,M
EST,UD,545703,M
EST,UD,545804,M
EST,UD,545905,M
EST,UD,546006,M
EST,UD,546208,M
EST,UD,546410,M
EST,UD,546511,M
EST,UD,546612,M
EST,UD,546713,M
EST,UD,546814,F
EST,UD,546915,M
EST,UD,547016,F
EST,UD,547117,F
EST,UD,547218,F
EST,UD,547420,F
EST,UD,547521,M
EST,UD,547622,M
EST,LD,547824,F
EST,UD,547925,F
EST,UD,548026,M
EST,UD,548127,F
EST,UD,548228,M
EST,UD,548329,M
EST,UD,548430,F
EST,UD,548531,M
EST,UD,548632,M
EST,UD,549339,M
EST,UD,549440,M
EST,UD,549541,M
EST,UD,549642,M
EST,UD,549743,M
EST,UD,549844,M
EST,UD,549945,M
EST,UD,550046,M
EST,UD,550147,M
EST,UD,550248,M
EST,UD,550349,M
EST,UD,550450,M
EST,MD,550753,F
EST,UD,550854,M
EST,MD,551258,F
EST,MD,552066,M
EST,MD,552874,F
EST,UD,554894,M
EST,UD,554995,F
EST,UD,555096,F
EST,UD,555197,M
EST,UD,555298,F
EST,UD,555399,M
EST,UD,555904,M
EST,UD,556005,M
EST,UD,556308,M
EST,UD,557217,M
EST,UD,557318,F
EST,UD,557419,F
EST,UD,557520,M
EST,UD,557621,M
EST,UD,557722,M
EST,UD,557823,M
EST,UD,557924,M
EST,UD,558025,M
EST,UD,558126,M
EST,UD,558227,M
EST,UD,558328,M
EST,UD,558429,M
EST,UD,558530,M
EST,UD,558631,M
EST,UD,558732,M
EST,MD,558833,F
EST,UD,559136,M
EST,LD,559237,F
EST,MD,559338,F
EST,MD,561661,M
EST,MD,561762,F
EST,UD,562166,M
EST,UD,562267,F
EST,LD,563075,F
EST,LD,563277,F
EST,LD,563378,F
EST,LD,563479,F
EST,UD,563782,M
EST,UD,563883,F
EST,UD,564590,M
EST,UD,564691,M
EST,UD,564792,F
EST,UD,564893,F
EST,UD,564994,F
EST,UD,565095,F
EST,UD,565196,M
EST,UD,565297,M
EST,UD,565398,M
EST,UD,565499,F
EST,UD,565600,M
EST,UD,565701,M
EST,UD,565802,F
EST,UD,565903,F
EST,UD,566004,M
EST,UD,566206,M
EST,MD,566408,F
EST,MD,566610,M
EST,MD,567216,F
EST,MD,567519,F
EST,MD,567620,F
EST,UD,567923,M
EST,UD,568024,M
EST,LD,568327,M
EST,UD,568630,F
EST,UD,568731,F
EST,UD,568832,F
EST,UD,568933,F
EST,MD,569034,F
EST,MD,569135,F
EST,UD,569236,M
EST,UD,569337,M
EST,UD,569438,F
EST,UD,569741,M
EST,UD,569842,F
EST,UD,569943,M
EST,UD,570650,F
EST,UD,570751,M
EST,UD,570852,F
EST,UD,570953,F
EST,UD,571155,M
EST,MD,571256,F
EST,LD,571458,F
EST,UD,571660,M
EST,UD,571761,M
EST,MD,572165,F
EST,MD,572367,F
EST,MD,572468,F
EST,MD,572670,F
EST,MD,572771,F
EST,MD,572872,F
EST,MD,573276,F
EST,MD,573478,F
EST,MD,573579,F
EST,MD,573680,F
EST,MD,574185,F
EST,MD,574387,F
EST,UD,574488,F
EST,UD,574589,F
EST,UD,574690,F
EST,UD,574791,F
EST,UD,574892,F
EST,UD,574993,F
EST,UD,575094,F
EST,UD,575195,F
EST,UD,575296,F
EST,UD,575397,F
EST,UD,575498,F
EST,UD,575599,F
EST,UD,575700,F
EST,UD,575801,F
EST,UD,575902,F
EST,UD,576003,F
EST,UD,576104,F
EST,UD,576205,F
EST,UD,576306,F
EST,UD,576407,F
EST,UD,576508,F
EST,UD,576609,M
EST,UD,576710,F
EST,UD,576811,F
EST,UD,576912,F
EST,UD,577114,F
EST,LD,577316,F
EST,LD,577619,M
EST,LD,577720,F
EST,LD,577821,M
EST,LD,577922,F
EST,LD,578124,M
EST,LD,578225,M
EST,MD,578326,F
EST,HO,578427,F
EST,LD,578528,M
EST,LD,579033,M
EST,LD,579134,M
EST,HO,579437,F
EST,HO,579538,M
EST,HO,579639,M
EST,LD,579740,M
EST,LD,580043,F
EST,LD,580245,F
EST,HO,580346,F
EST,LD,580447,M
EST,LD,580548,M
EST,LD,580649,M
EST,LD,580952,F
EST,LD,581053,M
EST,LD,581255,M
EST,LD,581558,F
EST,LD,581659,M
EST,LD,582467,M
EST,MD,582669,F
EST,LD,582871,F
EST,ST,583073,F
EST,ST,583275,F
EST,LD,583477,F
EST,LD,583578,F
EST,HO,583679,F
EST,LD,584689,F
EST,LD,585093,M
EST,LD,585396,F
EST,HO,586204,F
EST,LD,586305,F
EST,MD,586507,M
EST,LD,586608,F
EST,ST,586810,F
EST,ST,587012,F
EST,LD,587113,M
EST,LD,587315,F
EST,HO,587416,F
EST,MD,587517,F
EST,ST,587719,F
EST,LD,588123,F
EST,LD,588426,M
EST,ST,588527,F
EST,ST,588729,F
EST,HO,589840,M
EST,ST,590042,M
EST,ST,590143,F
EST,LD,590244,F
EST,LD,590345,F
EST,HO,590446,M
EST,LD,590547,M
EST,HO,590648,F
EST,ST,590749,F
EST,ST,590850,M
EST,ST,590951,M
EST,ST,591052,M
EST,ST,591153,M
EST,ST,591254,M
EST,ST,591355,F
EST,ST,591456,F
EST,ST,591557,F
EST,ST,591658,F
EST,UD,606000,M
EST,UD,606101,M
EST,UD,606202,F
EST,UD,606303,F
EST,UD,606404,M
EST,UD,608929,M
EST,HO,707000,M
EST,HO,707101,M
EST,HO,707202,M
EST,HO,707303,F
EST,MD,707404,F
EST,LD,707505,M
EST,MD,707606,F
EST,MD,707707,F
EST,MD,707808,F
EST,MD,708010,F
EST,MD,708111,F
EST,MD,708212,F
EST,ST,708313,F
EST,HO,708414,M
EST,MD,708515,F
EST,MD,708616,F
EST,MD,708717,F
EST,MD,708818,F
EST,MD,709020,F
EST,MD,709121,F
EST,UD,709222,F
EST,UD,709323,M
EST,UD,709424,F
EST,UD,709525,F
EST,UD,709626,M
EST,UD,709727,M
EST,MD,709828,M
EST,LD,709929,M
EST,MD,710030,F
EST,MD,710131,M
EST,MD,710232,F
EST,MD,710333,F
EST,MD,710434,F
EST,MD,710535,F
EST,MD,710636,F
EST,MD,710737,M
EST,MD,710838,F
EST,MD,710939,M
EST,MD,711040,F
EST,MD,711141,M
EST,MD,711242,M
EST,MD,711444,M
EST,LD,808000,M
EST,HO,808101,M
EST,HO,808202,M
EST,LD,808303,M
EST,LD,808505,F
EST,HO,808606,F
EST,LD,808707,F
EST,HO,808808,F
EST,LD,808909,M
EST,MD,809515,F
EST,HO,810020,F
EST,ST,810222,F
EST,HO,810626,F
EST,HO,810828,F
EST,MD,811333,F
EST,LD,811434,F
EST,HO,811636,M
EST,LD,811838,F
EST,ST,812040,F
EST,HO,812141,F
EST,HO,812848,M
EST,HO,812949,F
EST,MD,814060,F
EST,LD,814363,F
EST,MD,814767,F
EST,ST,814868,F
EST,HO,814969,F
EST,HO,815070,F
EST,LD,815171,F
EST,LD,815272,F
EST,MD,815373,F
EST,ST,815474,M
EST,ST,815575,F
EST,HO,816080,F
EST,MD,816181,F
EST,ST,816585,F
EST,HO,816686,F
EST,HO,816787,F
EST,MD,816888,M
EST,MD,816989,F
EST,MD,817090,F
EST,ST,817292,F
EST,HO,817393,F
EST,ST,817595,M
EST,HO,817696,F
EST,LD,817797,F
EST,HO,817898,F
EST,HO,817999,F
EST,HO,818100,M
EST,HO,818201,M
EST,LD,818403,F
EST,HO,818504,M
EST,HO,818605,M
EST,HO,818706,F
EST,HO,818807,F
EST,MD,818908,F
EST,HO,819009,F
EST,HO,819110,F
EST,MD,819211,F
EST,HO,819312,M
EST,MD,819413,F
EST,HO,819514,M
EST,UD,819615,F
EST,HO,819716,F
EST,MD,819805,M
EST,HO,819817,F
EST,MD,819918,M
EST,HO,820019,F
EST,HO,820120,F
EST,MD,820221,M
EST,MD,820322,M
EST,HO,820423,F
EST,MD,820524,M
EST,MD,820625,F
EST,MD,820726,M
EST,LD,820827,M
EST,HO,820928,F
EST,MD,821029,F
EST,HO,821130,M
EST,MD,821231,M
EST,MD,821332,M
EST,MD,821433,F
EST,MD,821534,F
EST,MD,821635,F
EST,HO,821736,F
EST,MD,821837,F
EST,LD,821938,F
EST,LD,822039,F
EST,MD,822140,F
EST,HO,822241,M
EST,UD,822342,M
EST,UD,822544,F
EST,MD,822645,F
EST,LD,822746,F
EST,LD,822847,F
EST,UD,822948,F
EST,MD,823049,F
EST,HO,823150,F
EST,MD,823251,F
EST,MD,823352,F
EST,LD,823453,F
EST,MD,823554,F
EST,MD,823655,F
EST,HO,823756,M
EST,MD,823857,F
EST,LD,823958,F
EST,HO,824059,F
EST,HO,824160,F
EST,MD,824261,M
EST,HO,824362,F
EST,HO,824463,M
EST,MD,824564,M
EST,MD,824665,F
EST,HO,824766,M
EST,HO,824867,M
EST,HO,824968,F
EST,MD,825069,M
EST,HO,825170,F
EST,MD,825271,M
EST,LD,825372,F
EST,LD,825473,F
EST,MD,825574,F
EST,MD,825675,F
EST,MD,825776,F
EST,MD,825877,F
EST,MD,825978,F
EST,HO,826079,F
EST,HO,826180,F
EST,HO,826281,F
EST,LD,826382,F
EST,ST,826483,M
EST,MD,826584,F
EST,MD,826685,F
EST,MD,826786,F
EST,HO,826887,M
EST,MD,826988,F
EST,MD,827089,F
EST,HO,827190,F
EST,LD,827291,M
EST,LD,827392,F
EST,LD,827493,F
EST,LD,827594,F
EST,HO,827695,F
EST,MD,827796,F
EST,MD,827897,F
EST,MD,827998,F
EST,MD,828099,F
EST,MD,828200,F
EST,MD,828402,F
EST,MD,828503,F
EST,MD,828604,F
EST,MD,828705,F
EST,MD,828806,F
EST,MD,828907,F
EST,MD,829008,M
EST,UD,1011010,M
EST,UD,1012525,M
EST,UD,1012929,F
EST,LD,1013737,M
EST,UD,1014747,F
EST,UD,1014848,M
EST,UD,1014949,F
EST,UD,1015656,M
EST,UD,1016161,M
EST,UD,1016464,F
EST,UD,1016666,F
EST,UD,1016767,M
EST,UD,1017171,F
EST,UD,1018181,M
EST,UD,1018282,M
EST,UD,1018686,M
EST,UD,1018787,F
EST,UD,1018888,F
EST,UD,1018989,F
EST,UD,1019090,M
EST,UD,1019191,F
EST,UD,1019292,F
EST,UD,1019696,M
EST,UD,1019805,M
EST,UD,1019898,M
EST,UD,1019999,M
EST,UD,1020201,M
EST,UD,1020504,M
EST,UD,1021716,M
EST,UD,1021817,M
EST,UD,1021918,M
EST,UD,1022019,M
EST,UD,1022827,F
EST,UD,1022928,F
EST,UD,1023332,M
EST,UD,1023837,M
EST,UD,1024241,M
EST,UD,1024342,M
EST,UD,1028281,M
EST,UD,1028786,M
EST,LD,1035856,M
EST,LD,1040906,M
EST,MD,1045451,F
EST,MD,1045552,F
EST,LD,1045754,F
EST,LD,1045855,F
EST,LD,1045956,M
EST,LD,1046057,M
EST,LD,1046158,F
EST,LD,1046259,M
EST,LD,1046360,M
EST,LD,1046461,M
EST,LD,1046562,M
EST,LD,1046663,M
EST,LD,1046764,M
EST,LD,1046865,M
EST,MD,1047168,M
EST,MD,1047269,F
EST,MD,1047370,M
EST,MD,1047471,F
EST,LD,1047572,M
EST,MD,1047673,M
EST,MD,1047774,F
EST,MD,1047875,F
EST,MD,1047976,F
EST,MD,1048077,F
EST,MD,1048279,M
EST,MD,1048481,F
EST,MD,1048582,M
EST,MD,1048683,M
EST,MD,1048784,F
EST,MD,1048885,F
EST,MD,1048986,F
EST,MD,1049087,F
EST,MD,1049188,F
EST,LD,1049390,M
EST,LD,1049491,M
EST,LD,1049592,M
EST,LD,1049794,M
EST,MD,1049895,F
EST,MD,1050097,F
EST,MD,1050501,F
EST,MD,1050602,F
EST,MD,1050804,F
EST,LD,1051208,M
EST,MD,1051309,M
EST,LD,1051511,M
EST,LD,1051814,M
EST,LD,1051915,M
EST,LD,1052218,M
EST,MD,1052319,F
EST,MD,1052420,F
EST,MD,1052521,F
EST,MD,1052622,M
EST,MD,1052723,F
EST,MD,1052824,M
EST,MD,1052925,F
EST,MD,1053026,M
EST,MD,1053127,F
EST,MD,1053228,F
EST,MD,1053329,F
EST,HO,1053430,M
EST,MD,1053531,M
EST,HO,1053632,M
EST,MD,1053733,F
EST,MD,1053834,F
EST,MD,1053935,F
EST,MD,1054036,M
EST,MD,1054137,M
EST,HO,1054238,F
EST,MD,1054339,M
EST,MD,1054440,M
EST,MD,1054541,M
EST,MD,1054642,M
EST,MD,1054743,M
EST,MD,1054844,M
EST,MD,1054945,M
EST,MD,1055046,M
EST,MD,1055147,M
EST,MD,1055248,M
EST,MD,1055349,F
EST,MD,1055450,F
EST,MD,1055551,M
EST,MD,1055652,F
EST,MD,1055753,M
EST,MD,1055854,F
EST,MD,1055955,M
EST,MD,1056056,M
EST,MD,1056157,F
EST,MD,1056258,F
EST,MD,1056359,M
EST,MD,1056460,M
EST,MD,1056561,M
EST,MD,1056662,M
EST,MD,1056763,F
EST,HO,1058581,M
EST,HO,1058682,M
EST,HO,1058783,M
EST,HO,1058884,M
EST,HO,1058985,M
EST,HO,1059086,F
EST,MD,1059187,M
EST,MD,1059288,F
EST,MD,1059389,F
EST,MD,1059490,F
EST,HO,1059591,M
EST,MD,1059692,M
EST,HO,1059793,M
EST,HO,1059894,M
EST,MD,1059995,F
EST,HO,1060096,M
EST,MD,1060197,F
EST,MD,1060298,F
EST,HO,1060399,M
EST,MD,1060500,F
EST,MD,1060601,F
EST,MD,1060702,F
EST,MD,1060803,M
EST,MD,1060904,M
EST,MD,1061005,F
EST,ST,1065954,M
EST,MD,1071206,F
EST,HO,1071307,M
EST,MD,1071408,M
EST,MD,1071509,M
EST,MD,1071610,F
EST,HO,1071711,F
EST,MD,1071812,F
EST,UD,1071913,M
EST,UD,1072014,M
EST,HO,1072115,F
EST,HO,1072216,F
EST,HO,1072317,F
EST,HO,1072418,F
EST,UD,1072519,F
EST,HO,1073630,F
EST,HO,1073731,M
EST,ST,1073832,F
EST,HO,1073933,F
EST,UD,1074034,F
EST,HO,1074135,M
EST,HO,1074236,M
EST,HO,1074337,F
EST,HO,1074438,F
EST,HO,1074539,F
EST,HO,1074640,F
EST,MD,1074741,M
EST,MD,1074842,M
EST,MD,1074943,F
EST,MD,1075044,F
EST,ST,1075145,F
EST,ST,1075246,M
EST,ST,1075347,M
EST,HO,1075448,F
EST,ST,1075549,M
EST,HO,1075650,F
EST,HO,1075751,F
EST,HO,1075852,F
EST,HO,1075953,F
EST,HO,1076054,F
EST,ST,1076155,F
EST,HO,1076256,F
EST,HO,1076357,M
EST,ST,1076458,M
EST,ST,1076559,M
EST,ST,1076660,M
EST,LD,1076761,M
EST,LD,1076862,M
EST,LD,1076963,M
EST,LD,1077064,M
EST,LD,1077165,M
EST,LD,1077266,M
EST,LD,1077367,M
EST,LD,1077468,M
EST,LD,1077569,M
EST,LD,1077670,M
EST,LD,1077771,M
EST,LD,1077872,F
EST,LD,1077973,F
EST,LD,1078074,F
EST,LD,1078175,F
EST,LD,1078276,F
EST,LD,1078377,F
EST,LD,1078478,F
EST,LD,1078579,F
EST,LD,1078680,F
EST,LD,1078781,F
EST,LD,1078882,M
EST,ST,1078983,F
EST,LD,1079084,M
EST,ST,1079185,M
EST,LD,1079286,M
EST,HO,1079387,F
EST,HO,1079488,F
EST,HO,1079589,M
EST,ST,1079690,F
EST,HO,1079791,F
EST,ST,1079892,M
EST,ST,1079993,M
EST,HO,1080094,M
EST,HO,1080195,F
EST,HO,1080296,M
EST,ST,1080397,M
EST,HO,1080498,M
EST,ST,1080599,M
EST,ST,1080700,M
EST,ST,1080801,F
EST,HO,1080902,F
EST,ST,1081003,M
EST,ST,1081104,M
EST,HO,1081205,F
EST,ST,1081306,M
EST,HO,1081407,F
EST,HO,1081508,F
EST,ST,1081609,F
EST,HO,1081710,F
EST,HO,1081811,F
EST,ST,1081912,M
EST,HO,1082013,F
EST,HO,1082114,F
EST,HO,1082215,M
EST,HO,1082316,M
EST,ST,1082417,M
EST,ST,1082518,M
EST,HO,1082619,F
EST,ST,1082720,M
EST,ST,1082821,M
EST,ST,1082922,M
EST,ST,1083023,M
EST,HO,1083124,M
EST,MD,1083225,M
EST,LD,1083326,F
EST,LD,1083427,M
EST,HO,1083528,M
EST,HO,1083629,F
EST,HO,1083730,F
EST,HO,1083831,F
EST,HO,1083932,M
EST,HO,1084033,M
EST,LD,1084134,M
EST,LD,1084235,M
EST,LD,1084336,M
EST,LD,1084437,M
EST,LD,1084538,M
EST,LD,1084639,M
EST,LD,1084740,M
EST,LD,1084841,M
EST,LD,1084942,M
EST,LD,1085043,M
EST,LD,1085144,M
EST,ST,1085245,F
EST,LD,1085346,M
EST,ST,1085447,F
EST,HO,1085548,F
EST,ST,1085649,M
EST,HO,1085750,F
EST,HO,1085851,F
EST,HO,1085952,M
EST,HO,1086053,M
EST,HO,1086154,F
EST,ST,1086255,F
EST,LD,1086356,M
EST,LD,1086457,F
EST,HO,1086558,M
EST,ST,1086659,F
EST,ST,1086760,M
EST,LD,1086861,F
EST,LD,1086962,F
EST,ST,1087063,M
EST,LD,1087164,M
EST,LD,1087265,M
EST,LD,1087366,F
EST,LD,1087467,F
EST,LD,1087568,F
EST,ST,1087669,M
EST,HO,1087770,M
EST,HO,1087871,F
EST,UD,1087972,F
EST,ST,1088073,M
EST,ST,1088174,F
EST,HO,1088275,M
EST,HO,1088376,M
EST,MD,1088477,M
EST,MD,1088578,F
EST,HO,1088679,F
EST,HO,1088780,F
EST,HO,1088881,F
EST,HO,1088982,F
EST,HO,1089083,F
EST,HO,1089184,F
EST,HO,1089285,F
EST,HO,1089386,M
EST,ST,1089487,F
EST,ST,1089588,F
EST,HO,1089689,M
EST,ST,1089790,F
EST,ST,1089891,M
EST,ST,1089992,F
EST,ST,1090093,M
EST,HO,1090194,F
EST,ST,1090295,F
EST,ST,1090497,F
EST,ST,1090598,F
EST,ST,1090699,F
EST,ST,1090800,F
EST,ST,1090901,F
EST,ST,1091002,M
EST,MD,1091103,M
EST,ST,1091204,M
EST,ST,1091305,F
EST,ST,1091406,F
EST,ST,1091507,M
EST,ST,1091608,M
EST,ST,1091709,F
EST,UD,1091810,F
EST,ST,1091911,M
EST,ST,1092012,M
EST,HO,1092113,F
EST,ST,1092214,M
EST,ST,1092315,F
EST,ST,1092416,F
EST,ST,1092517,F
EST,ST,1092618,M
EST,ST,1092719,F
EST,ST,1092820,F
EST,HO,1092921,M
EST,ST,1093022,F
EST,ST,1093123,F
EST,ST,1093224,F
EST,ST,1093325,M
EST,MD,1093426,M
EST,ST,1093527,F
EST,ST,1093628,M
EST,ST,1093729,M
EST,MD,1093830,M
EST,MD,1093931,F
EST,UD,1094032,M
EST,ST,1094133,M
EST,UD,1094234,M
EST,UD,1094335,M
EST,UD,1094436,M
EST,UD,1094537,M
EST,UD,1094739,M
EST,HO,1094840,F
EST,HO,1094941,M
EST,HO,1095042,M
EST,HO,1095143,M
EST,HO,1095244,M
EST,HO,1095345,F
EST,HO,1095446,M
EST,HO,1095547,M
EST,HO,1095648,M
EST,HO,1095749,M
EST,HO,1095850,F
EST,HO,1095951,F
EST,HO,1096052,F
EST,HO,1096153,F
EST,HO,1096254,F
EST,ST,1096355,M
EST,HO,1096456,F
EST,HO,1096557,F
EST,HO,1096658,M
EST,HO,1096759,F
EST,HO,1096860,M
EST,HO,1096961,M
EST,HO,1097062,M
EST,HO,1097163,M
EST,HO,1097264,M
EST,HO,1097365,F
EST,HO,1097466,F
EST,HO,1097567,F
EST,HO,1097668,F
EST,HO,1097769,F
EST,HO,1097971,M
EST,HO,1098072,F
EST,ST,1098173,F
EST,MD,1098274,M
EST,MD,1098375,M
EST,MD,1098476,M
EST,ST,1098577,F
EST,MD,1098678,M
EST,MD,1098779,M
EST,MD,1098880,M
EST,MD,1098981,M
EST,ST,1099082,M
EST,ST,1099183,F
EST,ST,1099284,F
EST,ST,1099385,M
EST,ST,1099486,M
EST,ST,1099587,M
EST,ST,1099688,M
EST,ST,1099789,M
EST,ST,1099890,M
EST,MD,1099991,M
EST,ST,1100092,F
EST,ST,1100193,F
EST,ST,1100294,F
EST,ST,1100395,M
EST,ST,1100496,M
EST,ST,1100597,F
EST,ST,1100698,F
EST,ST,1100799,F
EST,ST,1100900,M
EST,ST,1101001,M
EST,ST,1101102,F
EST,ST,1101203,F
EST,ST,1101304,F
EST,ST,1101405,M
EST,ST,1101506,M
EST,ST,1101607,F
EST,ST,1101708,M
EST,ST,1101809,F
EST,ST,1101910,M
EST,ST,1102011,F
EST,ST,1102112,F
EST,ST,1102213,F
EST,ST,1102314,F
EST,ST,1102415,M
EST,ST,1102516,M
EST,ST,1102617,M
EST,ST,1102718,F
EST,ST,1102819,M
EST,ST,1102920,M
EST,ST,1103021,M
EST,ST,1103122,F
EST,ST,1103223,F
EST,ST,1103324,F
EST,ST,1103425,M
EST,MD,1104738,M
EST,MD,1104839,F
EST,MD,1104940,M
EST,MD,1105041,M
EST,MD,1105142,M
EST,MD,1105243,M
EST,MD,1105344,M
EST,MD,1105445,M
EST,MD,1105546,M
EST,MD,1105647,M
EST,MD,1105748,M
EST,ST,1105849,M
EST,ST,1105950,M
EST,MD,1106051,M
EST,MD,1106152,M
EST,MD,1106253,F
EST,MD,1106354,F
EST,MD,1106455,F
EST,UD,2020101,M
EST,UD,2020202,F
EST,UD,2020303,M
EST,LD,2020707,M
EST,LD,2020808,M
EST,LD,2020909,M
EST,LD,2021010,M
EST,MD,2021111,M
EST,MD,2021313,M
EST,HO,3030303,M
EST,HO,3030404,M
EST,UD,6060000,M
EST,UD,6060101,F
EST,UD,6060202,M
EST,UD,6060303,M
EST,UD,6060404,M
EST,UD,6060505,M
EST,UD,6060606,F
EST,UD,6060707,F
EST,UD,6060808,F
EST,UD,6060909,F
EST,UD,6061010,F
EST,UD,6061111,F
EST,UD,6061212,F
EST,UD,6061313,F
EST,UD,6061616,M
EST,UD,6061717,M
EST,UD,6061818,M
EST,UD,6061919,M
EST,UD,6062020,M
EST,UD,6062121,M
EST,UD,6062222,M
EST,UD,6062323,F
EST,UD,6062424,M
EST,UD,6062525,F
EST,UD,6062626,M
EST,UD,6062727,M
EST,UD,6062828,M
EST,UD,6062929,M
EST,UD,6063030,M
EST,UD,6063131,M
EST,UD,6063232,M
EST,UD,6063333,F
EST,UD,6063434,M
EST,UD,6063535,M
EST,UD,6063636,F
EST,UD,6063737,M
EST,UD,6063838,M
EST,UD,6063939,M
EST,UD,6064040,M
EST,UD,6064141,M
EST,UD,6064242,M
EST,UD,6064848,M
EST,MD,6065151,F
EST,MD,6065252,F
EST,HO,6065353,M
